qid,pattern,ell,m,F,zA,zB,kappaB,n_fullspec
0,(5; 5),252,16,26011238400,1,8,200,15
1,(4; 4; 1; 1),6300,160,2601123840,0,-9,-9,7
2,(4; 4; 1; 1),6300,80,5202247680,-3,-20,-20,7
3,(4; 3; 1; 1; 1),25200,480,2105671680,0,28,7,3
4,(4; 3; 1; 1; 1),25200,320,2694021120,0,-60,-15,3
5,(4; 2; 1; 1; 1; 1),75600,320,1765048320,0,-84,-7,1
6,(4; 1; 1; 1; 1; 1; 1),151200,32,1517322240,0,-120,-5,0
7,(3; 3; 1; 1; 1; 1),100800,240,2063646720,0,112,7,3
8,(3; 2; 1; 1; 1; 1; 1),302400,960,1806336000,0,-336,-7,1
9,(3; 2; 1; 1; 1; 1; 1),302400,320,1530593280,0,-336,-7,1
10,(3; 3; 1; 1; 1; 1),100800,480,1822003200,0,112,7,1
11,(3; 2; 1; 1; 1; 1; 1),302400,1920,1706065920,0,-336,-7,0
12,(3; 1; 1; 1; 1; 1; 1; 1),604800,480,1629941760,0,-480,-5,0
13,(3; 3; 2; 2),25200,160,1864581120,0,-68,-17,7
14,(3; 2; 2; 1; 1; 1),151200,960,1630126080,0,-24,-1,3
15,(3; 3; 1; 1; 1; 1),100800,960,1924300800,0,-240,-15,1
16,(3; 2; 2; 1; 1; 1),151200,320,1447649280,0,-360,-15,1
17,(3; 3; 1; 1; 1; 1),100800,480,1821450240,0,-80,-5,3
18,(3; 2; 1; 1; 1; 1; 1),302400,384,1449953280,0,-720,-15,0
19,(3; 2; 1; 1; 1; 1; 1),302400,1920,1561559040,0,-48,-1,1
20,(3; 3; 1; 1; 1; 1),100800,320,2007244800,0,176,11,3
21,(3; 2; 1; 1; 1; 1; 1),302400,1920,1619435520,0,528,11,1
22,(3; 1; 1; 1; 1; 1; 1; 1),604800,1920,1474375680,0,-288,-3,0
23,(3; 2; 2; 1; 1; 1),151200,320,1758412800,0,-168,-7,3
24,(3; 1; 1; 1; 1; 1; 1; 1),604800,960,1490780160,0,96,1,1
25,(3; 1; 1; 1; 1; 1; 1; 1),604800,320,1366917120,0,-480,-5,0
26,(3; 1; 1; 1; 1; 1; 1; 1),604800,960,1261393920,0,480,5,0
27,(3; 3; 1; 1; 1; 1),100800,160,3327713280,0,48,3,3
28,(3; 3; 1; 1; 1; 1),100800,960,2215157760,0,176,11,1
29,(3; 2; 1; 1; 1; 1; 1),302400,1920,1749934080,0,144,3,1
30,(3; 2; 1; 1; 1; 1; 1),302400,960,1350881280,0,144,3,1
31,(3; 2; 1; 1; 1; 1; 1),302400,1920,1672151040,0,-336,-7,1
32,(3; 2; 1; 1; 1; 1; 1),302400,1920,1534464000,0,528,11,0
33,(3; 1; 1; 1; 1; 1; 1; 1),604800,1920,1347425280,0,288,3,0
34,(3; 3; 1; 1; 1; 1),100800,480,2154332160,0,-16,-1,3
35,(3; 2; 1; 1; 1; 1; 1),302400,960,2097561600,0,48,1,1
36,(3; 2; 1; 1; 1; 1; 1),302400,960,1786429440,0,144,3,0
37,(3; 1; 1; 1; 1; 1; 1; 1),604800,1920,1428940800,0,96,1,0
38,(3; 1; 1; 1; 1; 1; 1; 1),604800,640,1633443840,0,480,5,0
39,(3; 3; 2; 2),25200,80,2601123840,4,0,0,7
40,(3; 2; 2; 1; 1; 1),151200,480,1819607040,0,-216,-9,3
41,(3; 2; 2; 1; 1; 1),151200,640,2010562560,0,24,1,3
42,(3; 2; 1; 1; 1; 1; 1),302400,960,1600634880,0,48,1,1
43,(3; 2; 1; 1; 1; 1; 1),302400,160,1437696000,0,-240,-5,0
44,(3; 2; 2; 2; 1),75600,480,1328578560,0,-108,-9,3
45,(3; 2; 1; 1; 1; 1; 1),302400,480,1323048960,0,-432,-9,1
46,(3; 2; 1; 1; 1; 1; 1),302400,1920,1446543360,0,48,1,1
47,(3; 2; 2; 1; 1; 1),151200,960,1269964800,0,24,1,1
48,(3; 2; 1; 1; 1; 1; 1),302400,960,1538703360,0,-240,-5,1
49,(3; 2; 1; 1; 1; 1; 1),302400,1920,1423134720,0,-144,-3,0
50,(3; 2; 1; 1; 1; 1; 1),302400,1920,1262499840,0,48,1,0
51,(3; 2; 1; 1; 1; 1; 1),302400,1920,1322864640,0,-240,-5,0
52,(3; 2; 2; 2; 1),75600,320,1585889280,0,-60,-5,3
53,(3; 2; 2; 1; 1; 1),151200,960,1339637760,0,-120,-5,1
54,(2; 1; 1; 1; 1; 1; 1; 1; 1),1814400,1920,1446420480,0,1440,5,0
55,(2; 1; 1; 1; 1; 1; 1; 1; 1),1814400,960,1377945600,0,-864,-3,0
56,(2; 2; 2; 1; 1; 1; 1),453600,960,1470996480,0,-504,-7,1
57,(2; 2; 1; 1; 1; 1; 1; 1),907200,480,1484144640,0,1584,11,1
58,(2; 2; 1; 1; 1; 1; 1; 1),907200,1920,1447864320,0,1584,11,0
59,(2; 1; 1; 1; 1; 1; 1; 1; 1),1814400,960,1335859200,0,-2592,-9,1
60,(2; 2; 1; 1; 1; 1; 1; 1),907200,960,1643274240,0,432,3,1
61,(2; 1; 1; 1; 1; 1; 1; 1; 1),1814400,3840,1410309120,0,288,1,0
62,(2; 2; 1; 1; 1; 1; 1; 1),907200,480,1732730880,0,432,3,1
63,(2; 2; 1; 1; 1; 1; 1; 1),907200,960,1538580480,0,432,3,1
64,(2; 1; 1; 1; 1; 1; 1; 1; 1),1814400,3840,1359882240,0,-864,-3,0
65,(2; 2; 1; 1; 1; 1; 1; 1),907200,1920,1449799680,0,432,3,1
66,(2; 1; 1; 1; 1; 1; 1; 1; 1),1814400,1920,1435791360,0,288,1,1
67,(2; 1; 1; 1; 1; 1; 1; 1; 1),1814400,1920,1324339200,0,-1440,-5,0
68,(2; 2; 1; 1; 1; 1; 1; 1),907200,240,1593753600,0,-1296,-9,3
69,(2; 2; 1; 1; 1; 1; 1; 1),907200,480,1530286080,0,-1296,-9,1
70,(2; 1; 1; 1; 1; 1; 1; 1; 1),1814400,960,1498644480,0,288,1,1
71,(2; 1; 1; 1; 1; 1; 1; 1; 1),1814400,480,1378897920,0,-1440,-5,0
72,(2; 1; 1; 1; 1; 1; 1; 1; 1),1814400,320,1414840320,0,-1440,-5,1
73,(2; 2; 1; 1; 1; 1; 1; 1),907200,480,1440030720,0,1584,11,0
74,(2; 1; 1; 1; 1; 1; 1; 1; 1),1814400,960,1334200320,0,-864,-3,0
75,(2; 1; 1; 1; 1; 1; 1; 1; 1),1814400,3840,1362693120,0,288,1,0
76,(2; 1; 1; 1; 1; 1; 1; 1; 1),1814400,1920,1287198720,0,288,1,0
77,(2; 1; 1; 1; 1; 1; 1; 1; 1),1814400,1920,1377054720,0,288,1,0
78,(2; 1; 1; 1; 1; 1; 1; 1; 1),1814400,1920,1293834240,0,-1440,-5,0
79,(2; 2; 2; 1; 1; 1; 1),453600,960,1432412160,0,-504,-7,1
80,(2; 2; 1; 1; 1; 1; 1; 1),907200,480,1336565760,0,-720,-5,0
81,(2; 2; 2; 2; 1; 1),226800,480,1525432320,0,-36,-1,3
82,(2; 1; 1; 1; 1; 1; 1; 1; 1),1814400,3840,1374397440,0,-288,-1,0
83,(2; 2; 1; 1; 1; 1; 1; 1),907200,960,1470627840,0,144,1,1
84,(2; 1; 1; 1; 1; 1; 1; 1; 1),1814400,1920,1344952320,0,1440,5,0
85,(2; 2; 1; 1; 1; 1; 1; 1),907200,160,2193039360,0,-720,-5,1
86,(2; 2; 1; 1; 1; 1; 1; 1),907200,3840,1300469760,0,720,5,0
87,(2; 2; 2; 2; 1; 1),226800,960,1390264320,0,-180,-5,1
88,(2; 2; 2; 1; 1; 1; 1),453600,1920,1435729920,0,-504,-7,0
89,(2; 2; 1; 1; 1; 1; 1; 1),907200,960,1406115840,0,-720,-5,0
90,(2; 2; 1; 1; 1; 1; 1; 1),907200,1920,1507368960,0,432,3,0
91,(2; 1; 1; 1; 1; 1; 1; 1; 1),1814400,1920,1461012480,0,288,1,0
92,(2; 1; 1; 1; 1; 1; 1; 1; 1),1814400,1920,1400924160,0,-1440,-5,0
93,(2; 2; 1; 1; 1; 1; 1; 1),907200,480,1751285760,0,-720,-5,0
94,(2; 2; 2; 1; 1; 1; 1),453600,1920,1462149120,0,-72,-1,1
95,(2; 1; 1; 1; 1; 1; 1; 1; 1),1814400,3840,1343477760,0,864,3,0
96,(2; 2; 1; 1; 1; 1; 1; 1),907200,3840,1502423040,0,432,3,0
97,(2; 1; 1; 1; 1; 1; 1; 1; 1),1814400,1920,1516369920,0,1440,5,0
98,(2; 1; 1; 1; 1; 1; 1; 1; 1),1814400,3840,1320422400,0,1440,5,0
99,(2; 2; 1; 1; 1; 1; 1; 1),907200,1920,1428602880,0,-432,-3,0
100,(2; 2; 1; 1; 1; 1; 1; 1),907200,1920,1311805440,0,144,1,0
101,(2; 2; 1; 1; 1; 1; 1; 1),907200,1920,1688924160,0,-144,-1,0
102,(2; 1; 1; 1; 1; 1; 1; 1; 1),1814400,960,1671413760,0,1440,5,0
103,(2; 2; 1; 1; 1; 1; 1; 1),907200,3840,1327933440,0,432,3,0
104,(2; 2; 1; 1; 1; 1; 1; 1),907200,1920,1492684800,0,432,3,0
105,(2; 1; 1; 1; 1; 1; 1; 1; 1),1814400,480,1283358720,0,-2592,-9,1
106,(2; 2; 1; 1; 1; 1; 1; 1),907200,1920,1569177600,0,432,3,0
107,(2; 1; 1; 1; 1; 1; 1; 1; 1),1814400,3840,1316981760,0,864,3,0
108,(2; 1; 1; 1; 1; 1; 1; 1; 1),1814400,1920,1289441280,0,1440,5,0
109,(2; 2; 1; 1; 1; 1; 1; 1),907200,1920,1382522880,0,144,1,0
110,(2; 1; 1; 1; 1; 1; 1; 1; 1),1814400,3840,1286292480,0,1440,5,0
111,(2; 1; 1; 1; 1; 1; 1; 1; 1),1814400,3840,1480412160,0,1440,5,0
112,(2; 1; 1; 1; 1; 1; 1; 1; 1),1814400,1920,1260887040,0,288,1,0
113,(2; 2; 1; 1; 1; 1; 1; 1),907200,1920,1538826240,0,144,1,0
114,(2; 2; 1; 1; 1; 1; 1; 1),907200,1920,1464483840,0,-720,-5,0
115,(2; 2; 2; 1; 1; 1; 1),453600,1920,1298042880,0,72,1,0
116,(2; 2; 2; 1; 1; 1; 1),453600,1920,1363230720,0,-216,-3,0
117,(2; 2; 1; 1; 1; 1; 1; 1),907200,1920,1283604480,0,144,1,0
118,(2; 2; 2; 1; 1; 1; 1),453600,1920,1354506240,0,-360,-5,0
119,(2; 2; 2; 1; 1; 1; 1),453600,960,1586872320,0,72,1,1
120,(2; 2; 1; 1; 1; 1; 1; 1),907200,320,1517322240,0,-720,-5,0
121,(2; 2; 1; 1; 1; 1; 1; 1),907200,1920,1383905280,0,-1008,-7,0
122,(2; 2; 2; 1; 1; 1; 1),453600,1920,1574584320,0,-504,-7,1
123,(2; 2; 2; 2; 1; 1),226800,480,1593753600,0,-324,-9,3
124,(2; 2; 1; 1; 1; 1; 1; 1),907200,1920,1395456000,0,-720,-5,1
125,(2; 2; 2; 1; 1; 1; 1),453600,1920,1521008640,0,504,7,1
126,(2; 2; 1; 1; 1; 1; 1; 1),907200,3840,1358592000,0,-144,-1,0
127,(2; 2; 1; 1; 1; 1; 1; 1),907200,3840,1351434240,0,144,1,0
128,(2; 2; 1; 1; 1; 1; 1; 1),907200,1920,1425991680,0,1008,7,0
129,(2; 2; 2; 1; 1; 1; 1),453600,960,1309040640,0,-648,-9,1
130,(2; 2; 1; 1; 1; 1; 1; 1),907200,1920,1451458560,0,432,3,0
131,(2; 2; 2; 2; 1; 1),226800,160,2063646720,0,252,7,3
132,(2; 2; 1; 1; 1; 1; 1; 1),907200,960,1595228160,0,-144,-1,1
133,(2; 2; 1; 1; 1; 1; 1; 1),907200,640,1431429120,0,144,1,0
134,(2; 2; 1; 1; 1; 1; 1; 1),907200,960,1329930240,0,-720,-5,0
135,(2; 2; 1; 1; 1; 1; 1; 1),907200,1920,1534832640,0,144,1,0
136,(2; 2; 1; 1; 1; 1; 1; 1),907200,1920,1611202560,0,144,1,1
137,(2; 2; 1; 1; 1; 1; 1; 1),907200,960,1688248320,0,-720,-5,1
138,(2; 1; 1; 1; 1; 1; 1; 1; 1),1814400,1920,1498644480,0,-1440,-5,0
139,(2; 2; 1; 1; 1; 1; 1; 1),907200,160,1821450240,0,-720,-5,3
140,(2; 1; 1; 1; 1; 1; 1; 1; 1),1814400,960,1532928000,0,-1440,-5,1
141,(2; 1; 1; 1; 1; 1; 1; 1; 1),1814400,320,1420185600,0,1440,5,0
142,(2; 2; 1; 1; 1; 1; 1; 1),907200,3840,1450813440,0,-1008,-7,0
143,(2; 2; 1; 1; 1; 1; 1; 1),907200,960,1473054720,0,-144,-1,1
144,(2; 2; 1; 1; 1; 1; 1; 1),907200,1920,1461411840,0,1008,7,0
145,(2; 1; 1; 1; 1; 1; 1; 1; 1),1814400,1920,1405009920,0,1440,5,0
146,(2; 2; 1; 1; 1; 1; 1; 1),907200,960,1453762560,0,-144,-1,1
147,(2; 1; 1; 1; 1; 1; 1; 1; 1),1814400,3840,1395010560,0,864,3,0
148,(2; 1; 1; 1; 1; 1; 1; 1; 1),1814400,3840,1385134080,0,-864,-3,0
149,(2; 1; 1; 1; 1; 1; 1; 1; 1),1814400,3840,1399449600,0,-864,-3,0
150,(2; 1; 1; 1; 1; 1; 1; 1; 1),1814400,1920,1328179200,0,-1440,-5,0
151,(2; 2; 2; 1; 1; 1; 1),453600,1920,1362124800,0,72,1,1
152,(2; 2; 1; 1; 1; 1; 1; 1),907200,1920,1284710400,0,-720,-5,0
153,(2; 2; 1; 1; 1; 1; 1; 1),907200,960,1431429120,0,1008,7,1
154,(2; 2; 1; 1; 1; 1; 1; 1),907200,1920,1331773440,0,-1008,-7,0
155,(2; 2; 1; 1; 1; 1; 1; 1),907200,1920,1306183680,0,-144,-1,0
156,(3; 2; 2; 1; 1; 1),151200,960,1720074240,0,-168,-7,1
157,(2; 2; 1; 1; 1; 1; 1; 1),907200,960,1477386240,0,-1008,-7,1
158,(2; 1; 1; 1; 1; 1; 1; 1; 1),1814400,960,1349468160,0,864,3,0
159,(2; 2; 1; 1; 1; 1; 1; 1),907200,1920,1441966080,0,-1008,-7,0
160,(2; 2; 1; 1; 1; 1; 1; 1),907200,960,1571512320,0,432,3,1
161,(2; 1; 1; 1; 1; 1; 1; 1; 1),1814400,3840,1349114880,0,-288,-1,0
162,(2; 1; 1; 1; 1; 1; 1; 1; 1),1814400,960,1379758080,0,-1440,-5,1
163,(2; 1; 1; 1; 1; 1; 1; 1; 1),1814400,960,1279887360,0,1440,5,0
164,(2; 2; 1; 1; 1; 1; 1; 1),907200,160,1517322240,0,-1872,-13,3
165,(2; 2; 1; 1; 1; 1; 1; 1),907200,1920,1513390080,0,-1008,-7,0
166,(2; 1; 1; 1; 1; 1; 1; 1; 1),1814400,1920,1318471680,0,288,1,0
167,(2; 2; 1; 1; 1; 1; 1; 1),907200,320,1497415680,0,432,3,1
168,(2; 2; 1; 1; 1; 1; 1; 1),907200,960,1288826880,0,432,3,0
169,(2; 1; 1; 1; 1; 1; 1; 1; 1),1814400,1920,1293527040,0,-2016,-7,0
170,(2; 1; 1; 1; 1; 1; 1; 1; 1),1814400,3840,1362370560,0,2016,7,0
171,(2; 1; 1; 1; 1; 1; 1; 1; 1),1814400,1920,1266370560,0,-1440,-5,0
172,(2; 1; 1; 1; 1; 1; 1; 1; 1),1814400,1920,1338808320,0,-1440,-5,1
173,(2; 1; 1; 1; 1; 1; 1; 1; 1),1814400,1920,1308917760,0,-864,-3,0
174,(2; 1; 1; 1; 1; 1; 1; 1; 1),1814400,1920,1265832960,0,864,3,0
175,(2; 2; 1; 1; 1; 1; 1; 1),907200,960,1388544000,0,144,1,1
176,(2; 2; 1; 1; 1; 1; 1; 1),907200,480,1732730880,0,432,3,1
177,(2; 1; 1; 1; 1; 1; 1; 1; 1),1814400,1920,1373214720,0,288,1,0
178,(2; 1; 1; 1; 1; 1; 1; 1; 1),1814400,1920,1518182400,0,-1440,-5,1
179,(2; 2; 1; 1; 1; 1; 1; 1),907200,960,1344368640,0,-720,-5,1
180,(2; 1; 1; 1; 1; 1; 1; 1; 1),1814400,960,1396776960,0,864,3,1
181,(2; 1; 1; 1; 1; 1; 1; 1; 1),1814400,960,1311037440,0,-864,-3,0
182,(2; 1; 1; 1; 1; 1; 1; 1; 1),1814400,1920,1386792960,0,864,3,0
183,(2; 2; 1; 1; 1; 1; 1; 1),907200,960,1497415680,0,-432,-3,1
184,(2; 1; 1; 1; 1; 1; 1; 1; 1),1814400,3840,1343016960,0,288,1,0
185,(2; 1; 1; 1; 1; 1; 1; 1; 1),1814400,960,1384919040,0,1440,5,1
186,(2; 2; 1; 1; 1; 1; 1; 1),907200,960,1389649920,0,1008,7,0
187,(2; 1; 1; 1; 1; 1; 1; 1; 1),1814400,3840,1371233280,0,-1440,-5,0
188,(2; 2; 1; 1; 1; 1; 1; 1),907200,960,1614151680,0,1008,7,1
189,(2; 1; 1; 1; 1; 1; 1; 1; 1),1814400,1920,1513881600,0,1440,5,1
190,(2; 1; 1; 1; 1; 1; 1; 1; 1),1814400,3840,1314662400,0,1440,5,0
191,(2; 1; 1; 1; 1; 1; 1; 1; 1),1814400,1920,1422274560,0,-288,-1,0
192,(2; 2; 1; 1; 1; 1; 1; 1),907200,480,1248645120,0,-1296,-9,1
193,(2; 1; 1; 1; 1; 1; 1; 1; 1),1814400,3840,1482224640,0,-288,-1,0
194,(2; 1; 1; 1; 1; 1; 1; 1; 1),1814400,3840,1321559040,0,-1440,-5,0
195,(2; 1; 1; 1; 1; 1; 1; 1; 1),1814400,3840,1371448320,0,864,3,0
196,(2; 1; 1; 1; 1; 1; 1; 1; 1),1814400,3840,1285294080,0,-288,-1,0
197,(2; 1; 1; 1; 1; 1; 1; 1; 1),1814400,3840,1344030720,0,1440,5,0
198,(2; 1; 1; 1; 1; 1; 1; 1; 1),1814400,1920,1406791680,0,1440,5,0
199,(2; 2; 1; 1; 1; 1; 1; 1),907200,1920,1449799680,0,144,1,0
200,(2; 2; 1; 1; 1; 1; 1; 1),907200,960,1649786880,0,-144,-1,1
201,(2; 2; 1; 1; 1; 1; 1; 1),907200,1920,1537290240,0,144,1,0
202,(2; 1; 1; 1; 1; 1; 1; 1; 1),1814400,1920,1488168960,0,-1440,-5,0
203,(2; 2; 2; 2; 1; 1),226800,320,2154332160,0,-36,-1,3
204,(2; 2; 1; 1; 1; 1; 1; 1),907200,1920,1530101760,0,-144,-1,1
205,(2; 2; 1; 1; 1; 1; 1; 1),907200,1920,1643888640,0,720,5,1
206,(2; 2; 1; 1; 1; 1; 1; 1),907200,1920,1481502720,0,-144,-1,0
207,(2; 2; 1; 1; 1; 1; 1; 1),907200,1920,1417850880,0,144,1,0
208,(2; 2; 2; 1; 1; 1; 1),453600,320,1826979840,0,360,5,3
209,(2; 2; 2; 1; 1; 1; 1),453600,960,1458339840,0,-216,-3,1
210,(2; 1; 1; 1; 1; 1; 1; 1; 1),1814400,3840,1439569920,0,-288,-1,0
211,(2; 1; 1; 1; 1; 1; 1; 1; 1),1814400,1920,1473592320,0,288,1,0
212,(2; 2; 1; 1; 1; 1; 1; 1),907200,960,1496924160,0,-720,-5,1
213,(2; 1; 1; 1; 1; 1; 1; 1; 1),1814400,3840,1445637120,0,288,1,0
214,(2; 2; 1; 1; 1; 1; 1; 1),907200,1920,1361080320,0,-720,-5,0
215,(2; 1; 1; 1; 1; 1; 1; 1; 1),1814400,1920,1397038080,0,288,1,0
216,(2; 2; 1; 1; 1; 1; 1; 1),907200,3840,1388851200,0,-432,-3,0
217,(2; 2; 1; 1; 1; 1; 1; 1),907200,3840,1337640960,0,-720,-5,0
218,(2; 2; 1; 1; 1; 1; 1; 1),907200,1920,1370265600,0,-720,-5,0
219,(2; 2; 2; 1; 1; 1; 1),453600,1920,1297735680,0,72,1,0
220,(2; 2; 2; 2; 1; 1),226800,480,1297244160,0,-324,-9,1
221,(2; 2; 2; 1; 1; 1; 1),453600,3840,1283788800,0,-72,-1,0
222,(2; 2; 2; 1; 1; 1; 1),453600,1920,1344245760,0,-504,-7,0
223,(2; 2; 2; 2; 1; 1),226800,960,1329807360,0,-36,-1,1
224,(2; 2; 2; 1; 1; 1; 1),453600,1920,1768980480,0,-72,-1,1
225,(2; 1; 1; 1; 1; 1; 1; 1; 1),1814400,1920,1437634560,0,-288,-1,1
226,(2; 1; 1; 1; 1; 1; 1; 1; 1),1814400,1920,1326397440,0,288,1,0
227,(2; 1; 1; 1; 1; 1; 1; 1; 1),1814400,3840,1402337280,0,-288,-1,0
228,(2; 2; 1; 1; 1; 1; 1; 1),907200,1920,1536491520,0,720,5,1
229,(2; 2; 1; 1; 1; 1; 1; 1),907200,3840,1320314880,0,144,1,0
230,(2; 2; 1; 1; 1; 1; 1; 1),907200,1920,1343201280,0,720,5,1
231,(2; 1; 1; 1; 1; 1; 1; 1; 1),1814400,960,1451765760,0,-864,-3,1
232,(2; 2; 2; 1; 1; 1; 1),453600,640,1637498880,0,72,1,0
233,(2; 1; 1; 1; 1; 1; 1; 1; 1),1814400,1920,1327503360,0,288,1,0
234,(2; 2; 1; 1; 1; 1; 1; 1),907200,640,1405255680,0,-144,-1,0
235,(2; 2; 1; 1; 1; 1; 1; 1),907200,1920,1263513600,0,-144,-1,0
236,(2; 1; 1; 1; 1; 1; 1; 1; 1),1814400,1920,1344675840,0,2016,7,0
237,(2; 1; 1; 1; 1; 1; 1; 1; 1),1814400,320,1266370560,0,-2016,-7,0
238,(2; 2; 1; 1; 1; 1; 1; 1),907200,1920,1301422080,0,-432,-3,0
239,(2; 1; 1; 1; 1; 1; 1; 1; 1),1814400,1920,1486080000,0,-1440,-5,0
240,(2; 2; 1; 1; 1; 1; 1; 1),907200,1920,1299824640,0,-144,-1,0
241,(2; 1; 1; 1; 1; 1; 1; 1; 1),1814400,1920,1441843200,0,-864,-3,0
242,(2; 1; 1; 1; 1; 1; 1; 1; 1),1814400,1920,1278259200,0,-1440,-5,0
243,(2; 2; 1; 1; 1; 1; 1; 1),907200,3840,1318225920,0,144,1,0
244,(2; 1; 1; 1; 1; 1; 1; 1; 1),1814400,1920,1314155520,0,-1440,-5,0
245,(2; 1; 1; 1; 1; 1; 1; 1; 1),1814400,3840,1308119040,0,288,1,0
246,(2; 2; 2; 1; 1; 1; 1),453600,1920,1364459520,0,-72,-1,1
247,(2; 2; 1; 1; 1; 1; 1; 1),907200,3840,1350604800,0,-144,-1,0
248,(2; 2; 2; 1; 1; 1; 1),453600,1920,1437696000,0,360,5,1
249,(2; 2; 2; 1; 1; 1; 1),453600,960,1314693120,0,360,5,0
250,(2; 2; 1; 1; 1; 1; 1; 1),907200,3840,1336473600,0,720,5,0
251,(2; 2; 2; 2; 1; 1),226800,240,2077163520,0,-324,-9,3
252,(2; 2; 2; 1; 1; 1; 1),453600,960,1834598400,0,72,1,1
253,(2; 2; 2; 1; 1; 1; 1),453600,480,1472102400,0,-648,-9,3
254,(2; 2; 1; 1; 1; 1; 1; 1),907200,960,1426145280,0,-1296,-9,1
255,(2; 2; 1; 1; 1; 1; 1; 1),907200,1920,1587118080,0,144,1,1
256,(2; 2; 1; 1; 1; 1; 1; 1),907200,960,1404149760,0,144,1,1
257,(2; 2; 1; 1; 1; 1; 1; 1),907200,1920,1371248640,0,144,1,0
258,(2; 2; 2; 1; 1; 1; 1),453600,1920,1481687040,0,-360,-5,1
259,(2; 2; 1; 1; 1; 1; 1; 1),907200,960,1385472000,0,-720,-5,1
260,(2; 2; 1; 1; 1; 1; 1; 1),907200,480,1672396800,0,-720,-5,0
261,(2; 1; 1; 1; 1; 1; 1; 1; 1),1814400,960,1313648640,0,-1440,-5,0
262,(2; 2; 1; 1; 1; 1; 1; 1),907200,1920,1390387200,0,720,5,0
263,(2; 2; 1; 1; 1; 1; 1; 1),907200,960,1365442560,0,432,3,0
264,(2; 1; 1; 1; 1; 1; 1; 1; 1),1814400,960,1305200640,0,1440,5,0
265,(2; 1; 1; 1; 1; 1; 1; 1; 1),1814400,1920,1257738240,0,-288,-1,0
266,(2; 2; 1; 1; 1; 1; 1; 1),907200,3840,1426298880,0,720,5,0
267,(3; 2; 2; 1; 1; 1),151200,320,1266278400,0,-72,-3,0
268,(1; 1; 1; 1; 1; 1; 1; 1; 1; 1),3628800,320,1288535040,0,-2880,-5,0
269,(1; 1; 1; 1; 1; 1; 1; 1; 1; 1),3628800,80,1714452480,0,-576,-1,0
270,(1; 1; 1; 1; 1; 1; 1; 1; 1; 1),3628800,480,1245972480,0,-2880,-5,0
271,(1; 1; 1; 1; 1; 1; 1; 1; 1; 1),3628800,960,1301867520,0,-2880,-5,0
272,(1; 1; 1; 1; 1; 1; 1; 1; 1; 1),3628800,320,1337011200,0,-2880,-5,1
273,(1; 1; 1; 1; 1; 1; 1; 1; 1; 1),3628800,480,1450106880,0,-2880,-5,0
274,(1; 1; 1; 1; 1; 1; 1; 1; 1; 1),3628800,960,1451243520,0,-576,-1,0
275,(1; 1; 1; 1; 1; 1; 1; 1; 1; 1),3628800,160,1497415680,0,1728,3,1
276,(1; 1; 1; 1; 1; 1; 1; 1; 1; 1),3628800,320,1409402880,0,-1728,-3,0
277,(3; 1; 1; 1; 1; 1; 1; 1),604800,320,1342033920,0,288,3,0
278,(1; 1; 1; 1; 1; 1; 1; 1; 1; 1),3628800,480,1364121600,0,4032,7,0
279,(1; 1; 1; 1; 1; 1; 1; 1; 1; 1),3628800,1920,1325391360,0,1728,3,0
280,(1; 1; 1; 1; 1; 1; 1; 1; 1; 1),3628800,1920,1309962240,0,-1728,-3,0
281,(1; 1; 1; 1; 1; 1; 1; 1; 1; 1),3628800,1920,1302804480,0,576,1,0
282,(1; 1; 1; 1; 1; 1; 1; 1; 1; 1),3628800,3840,1316451840,0,-2880,-5,0
283,(1; 1; 1; 1; 1; 1; 1; 1; 1; 1),3628800,960,1319447040,0,1728,3,0
284,(1; 1; 1; 1; 1; 1; 1; 1; 1; 1),3628800,192,1244267520,0,-2880,-5,0
285,(1; 1; 1; 1; 1; 1; 1; 1; 1; 1),3628800,3840,1363330560,0,-576,-1,0
286,(1; 1; 1; 1; 1; 1; 1; 1; 1; 1),3628800,1920,1342210560,0,-576,-1,0
287,(1; 1; 1; 1; 1; 1; 1; 1; 1; 1),3628800,1920,1329930240,0,-576,-1,0
288,(1; 1; 1; 1; 1; 1; 1; 1; 1; 1),3628800,1920,1342080000,0,576,1,0
289,(1; 1; 1; 1; 1; 1; 1; 1; 1; 1),3628800,1920,1370856960,0,-576,-1,0
290,(1; 1; 1; 1; 1; 1; 1; 1; 1; 1),3628800,1920,1320944640,0,1728,3,0
291,(1; 1; 1; 1; 1; 1; 1; 1; 1; 1),3628800,960,1371402240,0,-2880,-5,0
292,(1; 1; 1; 1; 1; 1; 1; 1; 1; 1),3628800,3840,1324247040,0,576,1,0
293,(1; 1; 1; 1; 1; 1; 1; 1; 1; 1),3628800,240,1354828800,0,-5184,-9,1
294,(1; 1; 1; 1; 1; 1; 1; 1; 1; 1),3628800,1920,1308180480,0,-1728,-3,0
295,(2; 1; 1; 1; 1; 1; 1; 1; 1),1814400,1920,1378498560,0,1440,5,0
296,(1; 1; 1; 1; 1; 1; 1; 1; 1; 1),3628800,320,1327564800,0,2880,5,0
297,(1; 1; 1; 1; 1; 1; 1; 1; 1; 1),3628800,3840,1364382720,0,2880,5,0
298,(1; 1; 1; 1; 1; 1; 1; 1; 1; 1),3628800,480,1496924160,0,-2880,-5,1
299,(1; 1; 1; 1; 1; 1; 1; 1; 1; 1),3628800,1920,1353277440,0,-576,-1,0
300,(1; 1; 1; 1; 1; 1; 1; 1; 1; 1),3628800,1920,1441658880,0,-2880,-5,0
301,(1; 1; 1; 1; 1; 1; 1; 1; 1; 1),3628800,960,1409863680,0,2880,5,1
302,(1; 1; 1; 1; 1; 1; 1; 1; 1; 1),3628800,960,1330851840,0,-576,-1,0
303,(1; 1; 1; 1; 1; 1; 1; 1; 1; 1),3628800,3840,1405516800,0,2880,5,0
304,(1; 1; 1; 1; 1; 1; 1; 1; 1; 1),3628800,960,1478891520,0,-576,-1,0
305,(2; 1; 1; 1; 1; 1; 1; 1; 1),1814400,960,1386147840,0,-1440,-5,0
306,(1; 1; 1; 1; 1; 1; 1; 1; 1; 1),3628800,480,1284556800,0,-576,-1,0
307,(2; 1; 1; 1; 1; 1; 1; 1; 1),1814400,1920,1388236800,0,-288,-1,0
308,(1; 1; 1; 1; 1; 1; 1; 1; 1; 1),3628800,1920,1272453120,0,576,1,0
309,(1; 1; 1; 1; 1; 1; 1; 1; 1; 1),3628800,960,1391493120,0,2880,5,0
310,(1; 1; 1; 1; 1; 1; 1; 1; 1; 1),3628800,960,1408965120,0,1728,3,0
311,(1; 1; 1; 1; 1; 1; 1; 1; 1; 1),3628800,480,1284464640,0,-5184,-9,1
312,(1; 1; 1; 1; 1; 1; 1; 1; 1; 1),3628800,1920,1262791680,0,576,1,0
313,(1; 1; 1; 1; 1; 1; 1; 1; 1; 1),3628800,1920,1302190080,0,2880,5,0
314,(2; 1; 1; 1; 1; 1; 1; 1; 1),1814400,1920,1400832000,0,288,1,0
315,(1; 1; 1; 1; 1; 1; 1; 1; 1; 1),3628800,3840,1298073600,0,2880,5,0
316,(1; 1; 1; 1; 1; 1; 1; 1; 1; 1),3628800,1920,1253683200,0,-2880,-5,0
317,(1; 1; 1; 1; 1; 1; 1; 1; 1; 1),3628800,3840,1295132160,0,-2880,-5,0
318,(2; 1; 1; 1; 1; 1; 1; 1; 1),1814400,3840,1288151040,0,-288,-1,0
319,(2; 1; 1; 1; 1; 1; 1; 1; 1),1814400,1920,1323279360,0,288,1,0
320,(1; 1; 1; 1; 1; 1; 1; 1; 1; 1),3628800,960,1274787840,0,576,1,0
321,(1; 1; 1; 1; 1; 1; 1; 1; 1; 1),3628800,1920,1307366400,0,576,1,0
322,(1; 1; 1; 1; 1; 1; 1; 1; 1; 1),3628800,1920,1301683200,0,-576,-1,0
323,(1; 1; 1; 1; 1; 1; 1; 1; 1; 1),3628800,1920,1400555520,0,-2880,-5,0
324,(1; 1; 1; 1; 1; 1; 1; 1; 1; 1),3628800,3840,1307097600,0,-576,-1,0
325,(1; 1; 1; 1; 1; 1; 1; 1; 1; 1),3628800,3840,1272936960,0,-576,-1,0
326,(2; 1; 1; 1; 1; 1; 1; 1; 1),1814400,1920,1333969920,0,-1440,-5,0
327,(2; 2; 1; 1; 1; 1; 1; 1),907200,1920,1273866240,0,144,1,0
328,(2; 2; 1; 1; 1; 1; 1; 1),907200,1920,1298380800,0,-144,-1,0
329,(1; 1; 1; 1; 1; 1; 1; 1; 1; 1),3628800,3840,1374236160,0,-2880,-5,0
330,(1; 1; 1; 1; 1; 1; 1; 1; 1; 1),3628800,1920,1416860160,0,-2880,-5,0
331,(1; 1; 1; 1; 1; 1; 1; 1; 1; 1),3628800,1920,1361111040,0,2880,5,0
332,(1; 1; 1; 1; 1; 1; 1; 1; 1; 1),3628800,1920,1284387840,0,-2880,-5,0
333,(1; 1; 1; 1; 1; 1; 1; 1; 1; 1),3628800,3840,1348654080,0,576,1,0
334,(1; 1; 1; 1; 1; 1; 1; 1; 1; 1),3628800,1920,1328501760,0,-576,-1,0
335,(1; 1; 1; 1; 1; 1; 1; 1; 1; 1),3628800,1920,1264066560,0,2880,5,0
336,(1; 1; 1; 1; 1; 1; 1; 1; 1; 1),3628800,1920,1372577280,0,-576,-1,0
337,(1; 1; 1; 1; 1; 1; 1; 1; 1; 1),3628800,960,1420216320,0,-2880,-5,1
338,(1; 1; 1; 1; 1; 1; 1; 1; 1; 1),3628800,1920,1319208960,0,2880,5,0
339,(2; 1; 1; 1; 1; 1; 1; 1; 1),1814400,1920,1303603200,0,-288,-1,0
340,(2; 1; 1; 1; 1; 1; 1; 1; 1),1814400,960,1244006400,0,288,1,0
341,(1; 1; 1; 1; 1; 1; 1; 1; 1; 1),3628800,3840,1304386560,0,2880,5,0
342,(1; 1; 1; 1; 1; 1; 1; 1; 1; 1),3628800,1920,1353285120,0,-2880,-5,0
343,(1; 1; 1; 1; 1; 1; 1; 1; 1; 1),3628800,960,1302328320,0,4032,7,0
344,(1; 1; 1; 1; 1; 1; 1; 1; 1; 1),3628800,1920,1272883200,0,-1728,-3,0
345,(1; 1; 1; 1; 1; 1; 1; 1; 1; 1),3628800,1920,1283197440,0,1728,3,0
346,(1; 1; 1; 1; 1; 1; 1; 1; 1; 1),3628800,16,1427650560,0,8640,15,0
347,(1; 1; 1; 1; 1; 1; 1; 1; 1; 1),3628800,192,1573378560,0,-2880,-5,0
348,(1; 1; 1; 1; 1; 1; 1; 1; 1; 1),3628800,960,1430085120,0,-2880,-5,0
349,(1; 1; 1; 1; 1; 1; 1; 1; 1; 1),3628800,480,1473054720,0,-576,-1,1
350,(1; 1; 1; 1; 1; 1; 1; 1; 1; 1),3628800,1920,1362370560,0,576,1,0
351,(2; 1; 1; 1; 1; 1; 1; 1; 1),1814400,1920,1366118400,0,864,3,0
352,(1; 1; 1; 1; 1; 1; 1; 1; 1; 1),3628800,1920,1335982080,0,2880,5,0
353,(2; 1; 1; 1; 1; 1; 1; 1; 1),1814400,3840,1384673280,0,864,3,0
354,(1; 1; 1; 1; 1; 1; 1; 1; 1; 1),3628800,1920,1348024320,0,-2880,-5,0
