qid,representative_words,coordinate_orbit_size,labelled_multiplicity,F
0,"0 0 7 8 15 16 23 24 31 31",160,907200,1821450240
1,"0 0 7 8 15 16 23 27 28 31",960,1814400,1532928000
2,"0 0 7 11 12 16 23 24 31 31",960,907200,1571512320
3,"0 0 7 7 15 16 24 24 31 31",160,226800,2063646720
4,"0 0 7 7 15 16 24 27 28 31",960,907200,1595228160
5,"0 0 7 12 15 16 19 24 31 31",960,907200,1614151680
6,"0 0 7 10 15 16 21 27 28 31",3840,1814400,1395010560
7,"0 0 3 8 15 16 23 28 31 31",480,907200,1732730880
8,"0 0 7 10 12 16 21 27 31 31",1920,907200,1461411840
9,"0 0 7 7 11 20 24 24 31 31",480,226800,1593753600
10,"0 0 7 7 11 20 24 26 29 31",1920,907200,1395456000
11,"0 3 4 8 15 16 23 26 29 31",960,3628800,1451243520
12,"0 0 7 10 13 19 20 24 31 31",960,907200,1453762560
13,"0 8 10 13 15 16 19 20 23 31",960,3628800,1430085120
14,"0 3 6 8 15 16 21 27 28 31",1920,3628800,1325391360
15,"0 3 7 10 12 16 21 27 28 31",960,3628800,1319447040
16,"0 3 5 8 15 16 23 26 28 31",480,3628800,1364121600
17,"0 3 10 12 15 16 19 21 28 31",240,3628800,1354828800
18,"0 0 7 11 13 18 20 24 31 31",320,907200,1497415680
19,"0 3 8 11 14 16 20 23 29 31",3840,3628800,1363330560
20,"0 3 8 11 15 16 22 23 28 29",1920,3628800,1342210560
21,"0 0 3 7 13 20 24 26 31 31",1920,907200,1447864320
22,"0 3 4 8 15 16 23 27 28 31",160,3628800,1497415680
23,"0 8 11 12 15 16 19 20 23 31",480,3628800,1473054720
24,"0 0 7 11 12 19 20 24 31 31",160,907200,1517322240
25,"0 0 11 12 15 16 19 23 28 31",1920,1814400,1437634560
26,"0 0 7 11 11 20 23 24 28 31",960,907200,1431429120
27,"0 0 3 11 12 16 23 28 31 31",960,907200,1538580480
28,"0 0 11 12 15 16 23 23 27 28",1920,907200,1343201280
29,"0 0 7 12 15 16 23 24 27 31",1920,1814400,1513881600
30,"0 7 8 12 15 16 19 20 27 31",960,3628800,1420216320
31,"0 4 7 8 15 16 23 24 27 31",480,3628800,1496924160
32,"0 0 11 11 15 16 23 23 28 28",960,226800,1329807360
33,"0 0 11 13 15 20 23 23 24 26",3840,907200,1318225920
34,"0 0 7 10 15 20 21 24 27 31",3840,1814400,1399449600
35,"0 4 8 11 15 16 18 23 29 31",1920,3628800,1441658880
36,"0 4 8 13 15 16 18 23 27 31",960,3628800,1478891520
37,"0 0 11 11 13 18 23 23 28 28",480,226800,1297244160
38,"0 0 11 14 15 19 20 23 24 29",3840,1814400,1308119040
39,"0 4 7 8 15 16 19 26 29 31",3840,3628800,1364382720
40,"0 7 8 11 15 16 20 23 26 29",1920,3628800,1372577280
41,"0 0 7 11 11 22 23 24 28 29",1920,907200,1306183680
42,"0 3 7 8 13 16 22 27 28 31",1920,3628800,1302804480
43,"0 3 8 13 15 16 20 23 26 31",1920,3628800,1370856960
44,"0 0 7 11 13 18 23 27 28 28",960,907200,1288826880
45,"0 7 8 13 15 16 19 22 27 28",3840,3628800,1304386560
46,"0 2 7 11 12 16 23 27 28 29",960,3628800,1301867520
47,"0 3 10 12 15 16 21 23 27 28",1920,3628800,1308180480
48,"0 5 6 8 15 16 19 27 29 30",1920,3628800,1272453120
49,"0 5 10 12 15 16 19 22 25 31",480,3628800,1284464640
50,"0 3 6 8 15 16 23 27 28 29",1920,3628800,1309962240
51,"0 2 7 11 12 19 20 24 29 31",320,3628800,1337011200
52,"0 0 6 7 15 19 24 27 28 29",3840,1814400,1320422400
53,"0 0 3 13 15 22 23 24 27 28",1920,1814400,1287198720
54,"0 0 7 12 15 16 23 26 27 29",3840,1814400,1314662400
55,"0 0 7 7 15 16 26 27 28 29",960,907200,1329930240
56,"0 0 7 11 15 20 23 24 24 31",960,907200,1497415680
57,"0 0 7 11 15 20 23 24 26 29",3840,1814400,1343016960
58,"0 0 8 15 15 16 23 23 24 31",320,453600,1826979840
59,"0 0 11 12 15 16 23 23 24 31",1920,907200,1536491520
60,"0 5 10 12 15 16 22 23 25 27",1920,3628800,1262791680
61,"0 0 10 13 15 19 20 23 24 31",1920,1814400,1397038080
62,"0 0 7 11 15 20 23 24 27 28",960,1814400,1384919040
63,"0 6 7 8 11 16 21 27 28 31",3840,3628800,1298073600
64,"0 0 11 12 15 19 20 23 24 31",960,1814400,1451765760
65,"0 0 8 15 15 16 19 23 28 31",1920,907200,1530101760
66,"0 0 11 12 15 16 21 23 26 31",3840,1814400,1402337280
67,"0 0 7 11 15 20 21 24 26 31",1920,1814400,1386792960
68,"0 6 8 11 15 16 19 23 28 29",1920,3628800,1301683200
69,"0 0 11 15 15 16 19 23 28 28",1920,453600,1364459520
70,"0 0 6 11 11 21 23 24 28 31",3840,907200,1327933440
71,"0 0 7 13 15 19 22 24 27 28",3840,1814400,1285294080
72,"0 0 11 15 15 16 21 23 26 28",3840,907200,1350604800
73,"0 0 7 11 13 20 23 24 26 31",3840,1814400,1362370560
74,"0 0 6 11 15 19 21 24 28 31",3840,1814400,1316981760
75,"0 7 7 8 10 16 20 27 29 31",1920,1814400,1333969920
76,"0 3 7 8 14 16 20 27 29 31",3840,3628800,1316451840
77,"0 0 3 7 11 20 24 28 31 31",480,907200,1484144640
78,"0 4 8 11 15 16 19 23 28 31",960,3628800,1409863680
79,"0 0 11 13 15 18 20 23 24 31",1920,1814400,1441843200
80,"0 7 8 11 13 16 20 23 26 31",3840,3628800,1348654080
81,"0 2 4 8 15 16 23 27 29 31",80,3628800,1714452480
82,"0 0 7 13 15 20 23 24 26 27",3840,1814400,1344030720
83,"0 8 11 13 15 16 19 22 23 28",1920,3628800,1335982080
84,"0 4 8 11 15 16 21 23 26 31",3840,3628800,1405516800
85,"0 6 7 8 11 16 19 28 29 31",1920,3628800,1302190080
86,"0 7 8 10 15 16 20 23 27 29",1920,3628800,1361111040
87,"0 3 8 14 15 16 20 23 27 29",3840,3628800,1324247040
88,"0 7 8 13 15 16 20 23 26 27",1920,3628800,1353285120
89,"0 0 6 7 11 21 24 27 28 31",3840,1814400,1343477760
90,"0 0 0 7 15 23 24 24 31 31",320,151200,1758412800
91,"0 0 7 7 8 16 27 28 31 31",960,453600,1586872320
92,"0 0 0 7 15 19 24 28 31 31",1920,302400,1619435520
93,"0 0 7 7 11 16 24 28 31 31",1920,453600,1574584320
94,"0 0 5 10 11 16 23 28 31 31",1920,907200,1507368960
95,"0 0 3 7 15 20 24 26 29 31",3840,1814400,1410309120
96,"0 0 0 7 15 23 24 27 28 31",960,604800,1490780160
97,"0 0 3 4 15 23 24 26 29 31",1920,1814400,1446420480
98,"0 0 0 11 15 21 23 26 28 31",1920,604800,1347425280
99,"0 0 7 7 13 16 26 27 28 31",3840,907200,1351434240
100,"0 0 7 11 12 16 23 26 29 31",3840,1814400,1349114880
101,"0 0 3 11 15 20 23 24 28 31",1920,1814400,1435791360
102,"0 0 3 12 15 16 23 27 28 31",960,1814400,1498644480
103,"0 0 4 7 15 19 24 26 29 31",3840,1814400,1374397440
104,"0 3 8 13 15 16 19 22 28 31",1920,3628800,1342080000
105,"0 0 7 7 12 16 24 27 31 31",1920,453600,1521008640
106,"0 0 7 10 11 16 21 28 31 31",3840,907200,1450813440
107,"0 0 12 15 15 16 21 23 26 27",1920,907200,1371248640
108,"0 0 6 15 15 19 19 24 28 29",1920,453600,1298042880
109,"0 0 11 13 15 19 22 23 24 28",1920,1814400,1278259200
110,"0 0 11 14 15 16 19 23 28 29",1920,1814400,1314155520
111,"0 0 7 11 13 16 23 26 28 31",1920,1814400,1318471680
112,"0 7 7 8 13 16 22 27 27 28",1920,907200,1273866240
113,"0 6 7 8 11 16 21 27 29 30",1920,3628800,1253683200
114,"0 0 13 14 15 19 21 22 24 27",1920,1814400,1257738240
115,"0 0 7 7 12 16 26 27 29 31",3840,907200,1358592000
116,"0 0 3 13 15 20 23 24 26 31",3840,1814400,1362693120
117,"0 0 6 11 15 19 23 24 28 29",1920,1814400,1289441280
118,"0 6 7 8 15 16 19 27 28 29",3840,3628800,1295132160
119,"0 6 8 13 15 16 19 21 27 30",3840,3628800,1272936960
120,"0 7 10 12 15 16 21 22 25 27",1920,3628800,1283197440
121,"0 3 8 14 15 16 19 20 29 31",960,3628800,1371402240
122,"0 0 0 11 15 19 23 28 28 31",960,302400,1350881280
123,"0 0 0 15 15 19 23 27 28 28",960,151200,1269964800
124,"0 0 11 11 12 16 23 23 29 30",1920,453600,1297735680
125,"0 0 11 11 14 16 23 23 28 29",3840,453600,1283788800
126,"0 7 7 8 14 16 20 27 27 29",1920,907200,1298380800
127,"0 0 0 7 15 23 26 27 28 29",960,604800,1261393920
128,"0 0 11 12 15 16 19 23 29 30",1920,1814400,1326397440
129,"0 0 7 11 14 16 23 27 28 29",1920,1814400,1266370560
130,"0 7 8 11 14 16 20 23 27 29",1920,3628800,1328501760
131,"0 0 7 11 15 16 21 26 28 31",1920,1814400,1373214720
132,"0 0 7 11 12 16 23 27 29 30",960,1814400,1279887360
133,"0 0 7 11 11 16 23 28 28 31",1920,453600,1362124800
134,"0 0 3 11 15 16 23 28 28 31",1920,907200,1449799680
135,"0 0 10 12 15 16 21 23 27 31",3840,1814400,1445637120
136,"0 0 7 7 10 20 24 27 29 31",1920,907200,1383905280
137,"0 0 7 13 15 19 20 24 26 31",3840,1814400,1371448320
138,"0 0 12 13 15 16 23 23 26 27",3840,907200,1336473600
139,"0 0 10 11 15 20 21 23 24 31",1920,1814400,1473592320
140,"0 0 3 15 15 16 23 27 28 28",960,453600,1432412160
141,"0 0 7 7 13 20 24 26 27 31",1920,907200,1425991680
142,"0 0 7 10 15 19 20 24 29 31",3840,1814400,1385134080
143,"0 0 7 11 13 16 22 24 31 31",1920,907200,1513390080
144,"0 0 5 10 15 20 23 24 27 31",1920,1814400,1400924160
145,"0 6 7 8 11 16 21 24 31 31",1920,1814400,1400832000
146,"0 0 7 8 15 16 19 28 31 31",1920,907200,1611202560
147,"0 0 6 11 15 16 21 24 31 31",1920,907200,1569177600
148,"0 7 8 10 15 16 19 20 29 31",3840,3628800,1374236160
149,"0 0 6 15 15 16 23 24 27 29",1920,907200,1464483840
150,"0 6 8 11 15 16 21 23 24 31",1920,3628800,1400555520
151,"0 0 6 15 15 16 21 24 27 31",1920,907200,1538826240
152,"0 0 5 10 15 16 23 27 28 31",1920,1814400,1461012480
153,"0 5 6 8 15 16 23 24 27 31",960,3628800,1391493120
154,"0 0 5 6 15 23 24 24 27 31",960,907200,1406115840
155,"0 8 11 13 15 16 20 23 23 26",3840,1814400,1384673280
156,"0 0 6 7 15 21 24 24 27 31",1920,907200,1428602880
157,"0 0 4 7 15 23 24 24 27 31",960,907200,1470627840
158,"0 0 10 11 15 16 21 23 28 31",3840,1814400,1439569920
159,"0 0 5 6 15 19 24 24 31 31",1920,453600,1435729920
160,"0 5 6 8 15 16 19 24 31 31",1920,1814400,1388236800
161,"0 0 3 11 14 20 23 24 29 31",3840,1814400,1359882240
162,"0 0 12 15 15 16 19 23 24 31",1920,907200,1587118080
163,"0 7 8 10 15 16 20 21 27 31",1920,3628800,1416860160
164,"0 0 7 15 15 16 22 24 27 29",1920,907200,1449799680
165,"0 0 6 11 13 16 23 24 31 31",1920,907200,1492684800
166,"0 0 12 15 15 16 19 21 26 31",960,907200,1426145280
167,"0 0 10 12 15 16 19 21 31 31",960,907200,1496924160
168,"0 5 8 11 15 16 20 23 26 31",960,3628800,1408965120
169,"0 0 10 15 15 16 21 23 27 28",3840,907200,1388851200
170,"0 4 7 7 8 16 26 27 29 31",1920,1814400,1378498560
171,"0 0 3 5 15 23 24 26 28 31",960,1814400,1377945600
172,"0 0 11 13 14 16 23 23 24 31",640,907200,1405255680
173,"0 7 8 13 14 16 19 20 27 31",1920,3628800,1319208960
174,"0 0 7 7 8 16 27 29 30 31",320,907200,1517322240
175,"0 0 7 8 15 16 22 27 29 31",1920,1814400,1498644480
176,"0 0 12 15 15 16 23 23 24 27",1920,453600,1481687040
177,"0 0 10 15 15 20 21 23 24 27",1920,907200,1370265600
178,"0 0 7 11 15 16 23 24 28 31",1920,1814400,1518182400
179,"0 0 10 12 15 16 23 23 27 29",1920,907200,1361080320
180,"0 0 7 10 15 20 23 24 27 29",1920,1814400,1328179200
181,"0 0 6 8 15 16 23 27 29 31",960,1814400,1671413760
182,"0 0 6 13 15 16 23 24 27 31",3840,1814400,1480412160
183,"0 0 11 13 15 16 22 23 24 31",1920,1814400,1486080000
184,"0 0 10 15 15 19 20 23 24 29",3840,907200,1337640960
185,"0 4 8 11 15 16 19 23 29 30",960,3628800,1330851840
186,"0 0 7 8 15 16 23 27 29 30",320,1814400,1420185600
187,"0 0 7 14 15 16 23 24 27 29",1920,1814400,1406791680
188,"0 0 6 15 15 19 21 24 27 28",1920,907200,1283604480
189,"0 0 11 13 14 20 23 23 24 27",1920,907200,1301422080
190,"0 0 12 15 15 19 20 23 24 27",960,907200,1385472000
191,"0 0 13 14 15 16 23 23 24 27",1920,907200,1390387200
192,"0 0 7 11 12 16 21 26 31 31",1920,907200,1441966080
193,"0 0 7 13 15 16 22 24 27 31",3840,1814400,1482224640
194,"0 0 6 8 15 16 21 27 31 31",1920,907200,1688924160
195,"0 0 0 6 15 23 24 27 29 31",480,604800,1629941760
196,"0 0 0 6 15 21 24 27 31 31",1920,302400,1706065920
197,"0 0 0 3 15 23 24 28 31 31",960,302400,1806336000
198,"0 0 6 7 13 16 24 27 31 31",3840,907200,1502423040
199,"0 0 0 7 15 22 24 27 29 31",1920,604800,1474375680
200,"0 0 7 13 14 16 23 24 27 31",1920,1814400,1422274560
201,"0 0 0 7 13 22 24 27 31 31",1920,302400,1561559040
202,"0 8 11 13 14 16 19 20 23 31",1920,3628800,1362370560
203,"0 8 11 13 14 16 20 23 23 27",1920,1814400,1366118400
204,"0 0 0 13 15 22 23 24 27 31",1920,604800,1428940800
205,"0 0 7 13 15 16 23 26 27 28",3840,1814400,1321559040
206,"0 8 13 14 15 16 19 20 23 27",1920,3628800,1348024320
207,"0 3 5 6 8 16 24 31 31 31",320,604800,1342033920
208,"0 0 11 13 14 16 19 23 28 31",1920,1814400,1327503360
209,"0 0 3 7 15 16 24 28 31 31",960,907200,1643274240
210,"0 4 7 8 15 16 23 26 27 29",1920,3628800,1353277440
211,"0 0 7 11 15 16 23 27 28 28",960,907200,1344368640
212,"0 0 0 15 15 22 23 24 27 29",1920,302400,1322864640
213,"0 0 6 7 15 16 24 27 29 31",1920,1814400,1516369920
214,"0 0 7 7 15 16 24 27 29 30",640,907200,1431429120
215,"0 0 3 14 15 20 23 24 27 29",1920,1814400,1293834240
216,"0 0 0 7 15 23 24 27 29 30",320,604800,1366917120
217,"0 7 8 11 13 16 19 22 28 31",1920,3628800,1284387840
218,"0 0 3 12 15 16 23 27 29 30",480,1814400,1378897920
219,"0 0 3 11 15 20 23 24 29 30",1920,1814400,1324339200
220,"0 3 4 8 15 16 19 29 30 31",480,3628800,1450106880
221,"0 0 6 7 8 16 27 29 31 31",480,907200,1751285760
222,"0 0 11 13 14 19 20 23 24 31",1920,1814400,1344675840
223,"0 7 9 10 12 16 21 22 27 31",960,3628800,1302328320
224,"0 0 13 15 15 16 22 23 24 27",3840,907200,1426298880
225,"0 3 4 8 15 16 23 27 29 30",320,3628800,1409402880
226,"0 0 11 12 15 16 23 23 26 29",3840,907200,1320314880
227,"0 6 8 11 15 16 21 23 27 28",3840,3628800,1307097600
228,"0 7 8 11 14 16 21 22 27 29",1920,3628800,1264066560
229,"0 0 3 14 15 19 20 24 29 31",1920,1814400,1377054720
230,"0 3 8 13 14 16 20 23 27 31",1920,3628800,1329930240
231,"0 5 6 7 8 16 24 27 31 31",960,1814400,1386147840
232,"0 0 7 11 14 19 20 24 29 31",1920,1814400,1338808320
233,"0 0 3 13 14 19 20 24 31 31",480,907200,1440030720
234,"0 3 8 13 15 16 22 23 27 28",1920,3628800,1320944640
235,"0 0 7 11 12 16 19 29 30 31",960,1814400,1349468160
236,"0 6 7 8 15 16 21 27 27 28",3840,1814400,1288151040
237,"0 6 8 11 11 16 21 23 28 31",1920,1814400,1323279360
238,"0 0 7 11 11 16 23 28 29 30",1920,907200,1284710400
239,"0 0 4 7 15 23 24 26 27 29",1920,1814400,1344952320
240,"0 0 7 11 12 16 19 28 31 31",960,907200,1477386240
241,"0 0 7 10 11 20 21 24 31 31",960,907200,1473054720
242,"0 0 13 14 15 19 20 23 24 27",960,1814400,1305200640
243,"0 0 7 8 13 16 22 27 31 31",1920,907200,1534832640
244,"0 0 8 13 15 16 22 23 27 31",1920,1814400,1488168960
245,"0 0 7 7 14 16 24 27 29 31",1920,907200,1451458560
246,"0 0 7 11 15 19 20 24 28 31",960,1814400,1396776960
247,"0 0 8 15 15 16 22 23 27 29",1920,907200,1417850880
248,"0 0 11 11 14 20 23 23 24 29",1920,453600,1344245760
249,"0 0 7 11 14 20 23 24 27 29",1920,1814400,1308917760
250,"0 6 8 11 15 16 19 21 28 31",1920,3628800,1307366400
251,"0 0 7 11 11 20 23 24 29 30",1920,907200,1331773440
252,"0 0 7 11 15 19 20 24 29 30",960,1814400,1311037440
253,"0 8 10 11 15 16 20 21 23 31",192,3628800,1573378560
254,"0 0 7 11 13 19 22 24 28 31",1920,1814400,1293527040
255,"0 7 10 11 12 16 21 22 25 31",1920,3628800,1272883200
256,"0 0 11 13 14 19 21 22 24 31",320,1814400,1266370560
257,"0 4 7 8 11 16 19 29 30 31",320,3628800,1327564800
258,"0 7 11 13 14 17 18 20 24 31",16,3628800,1427650560
259,"0 7 8 13 14 16 20 23 27 27",1920,1814400,1303603200
260,"0 0 7 12 13 16 23 26 27 31",3840,1814400,1371233280
261,"0 2 3 12 15 20 23 24 27 29",320,3628800,1288535040
262,"0 0 3 7 13 22 24 27 28 31",960,1814400,1335859200
263,"0 0 13 14 15 19 19 20 24 31",960,907200,1365442560
264,"0 0 6 11 15 21 23 24 27 28",3840,1814400,1286292480
265,"0 0 3 7 11 16 28 28 31 31",960,453600,1470996480
266,"0 0 0 7 7 24 27 28 31 31",960,151200,1630126080
267,"0 0 4 7 7 24 24 27 31 31",480,226800,1525432320
268,"0 0 0 7 11 19 28 28 31 31",320,151200,1447649280
269,"0 0 0 3 15 23 27 28 28 31",320,302400,1530593280
270,"0 0 0 3 7 24 28 31 31 31",240,100800,2063646720
271,"0 0 0 15 15 19 23 24 28 31",1920,302400,1446543360
272,"0 0 0 7 7 24 24 31 31 31",160,25200,1864581120
273,"0 0 0 15 15 19 19 28 28 31",480,75600,1328578560
274,"0 0 7 11 12 16 23 27 28 31",960,1814400,1379758080
275,"0 0 3 12 15 16 19 28 31 31",240,907200,1593753600
276,"0 0 3 12 15 20 23 24 27 31",320,1814400,1414840320
277,"0 0 7 11 15 16 19 28 28 31",960,907200,1388544000
278,"0 0 12 15 15 16 19 19 28 31",480,453600,1472102400
279,"0 0 12 15 15 16 19 23 27 28",960,907200,1404149760
280,"0 6 8 11 13 16 19 21 30 31",960,3628800,1274787840
281,"0 0 6 13 15 19 21 24 27 30",1920,1814400,1260887040
282,"0 5 6 8 11 16 19 29 30 31",480,3628800,1284556800
283,"0 0 8 15 15 16 23 23 27 28",960,453600,1458339840
284,"0 0 6 11 13 19 21 24 30 31",480,1814400,1283358720
285,"0 0 3 12 15 16 21 26 31 31",480,907200,1530286080
286,"0 0 0 7 11 21 26 28 31 31",384,302400,1449953280
287,"0 0 7 10 12 16 23 27 29 31",1920,1814400,1405009920
288,"0 0 3 13 14 20 23 24 27 31",960,1814400,1334200320
289,"0 2 5 9 15 20 23 24 27 30",480,3628800,1245972480
290,"0 0 0 13 14 16 23 27 31 31",960,302400,1786429440
291,"0 0 8 15 15 16 21 22 27 31",1920,907200,1481502720
292,"0 0 0 11 15 21 22 24 31 31",1920,302400,1534464000
293,"0 0 8 11 15 16 21 22 31 31",1920,907200,1537290240
294,"0 0 13 14 15 16 19 23 27 28",960,1814400,1313648640
295,"0 0 0 14 15 16 23 27 29 31",640,604800,1633443840
296,"0 0 13 14 15 16 16 23 27 31",480,907200,1672396800
297,"0 0 11 13 14 16 16 23 31 31",640,453600,1637498880
298,"0 0 7 11 14 21 22 24 27 29",1920,1814400,1265832960
299,"0 0 4 15 15 19 23 24 26 29",3840,907200,1300469760
300,"0 0 11 13 14 16 23 23 27 28",1920,907200,1263513600
301,"0 0 0 11 15 16 23 28 31 31",1920,302400,1749934080
302,"0 0 0 7 11 16 28 31 31 31",960,100800,1924300800
303,"0 0 0 11 15 20 23 24 31 31",1920,302400,1672151040
304,"0 0 0 7 11 20 24 31 31 31",480,100800,1821450240
305,"0 0 8 11 15 16 20 23 31 31",960,907200,1649786880
306,"0 0 3 15 15 19 20 24 29 30",480,907200,1336565760
307,"0 0 12 15 15 16 16 23 27 31",960,453600,1834598400
308,"0 0 8 15 15 16 20 23 27 31",1920,907200,1643888640
309,"0 0 11 12 15 16 16 23 31 31",1920,453600,1768980480
310,"0 0 7 11 15 16 20 24 31 31",480,907200,1732730880
311,"0 0 0 0 7 24 31 31 31 31",160,6300,2601123840
312,"0 0 0 0 15 19 28 31 31 31",480,25200,2105671680
313,"0 0 0 7 15 16 24 31 31 31",320,100800,2007244800
314,"0 0 0 12 15 16 19 31 31 31",480,100800,2154332160
315,"0 0 0 11 12 16 23 31 31 31",960,100800,2215157760
316,"0 0 7 8 15 16 20 27 31 31",960,907200,1688248320
317,"0 0 0 15 15 16 19 28 31 31",480,151200,1819607040
318,"0 0 8 15 15 16 16 23 31 31",320,226800,2154332160
319,"0 0 6 7 11 21 24 24 31 31",1920,453600,1462149120
320,"0 0 12 15 15 16 16 19 31 31",240,226800,2077163520
321,"0 0 0 15 15 16 23 27 28 31",960,302400,1600634880
322,"0 0 0 12 15 16 23 27 31 31",960,302400,2097561600
323,"0 0 0 15 15 16 23 24 31 31",640,151200,2010562560
324,"0 0 0 8 15 16 23 31 31 31",160,100800,3327713280
325,"0 0 4 8 15 16 23 27 31 31",160,907200,2193039360
326,"0 0 0 15 15 20 23 24 27 31",960,302400,1538703360
327,"0 0 0 0 15 23 24 31 31 31",320,25200,2694021120
328,"0 0 0 0 15 23 27 28 31 31",320,75600,1765048320
329,"0 0 6 15 15 21 23 24 24 27",1920,453600,1354506240
330,"0 0 6 11 15 21 23 24 24 31",1920,907200,1382522880
331,"0 0 7 11 15 21 22 24 24 31",960,907200,1389649920
332,"0 0 7 11 12 16 16 31 31 31",960,151200,1720074240
333,"0 0 11 15 15 16 23 23 24 28",1920,453600,1437696000
334,"0 0 0 15 15 21 22 24 27 31",1920,302400,1423134720
335,"0 0 0 6 11 21 24 31 31 31",480,100800,1822003200
336,"0 0 0 15 15 21 23 26 27 28",1920,302400,1262499840
337,"0 3 7 12 14 16 21 26 27 29",192,3628800,1244267520
338,"0 0 11 13 15 16 23 23 26 28",1920,907200,1299824640
339,"0 7 8 13 14 16 21 22 27 27",960,1814400,1244006400
340,"0 0 7 7 13 22 24 27 27 28",960,453600,1309040640
341,"0 0 6 7 15 21 24 27 27 28",1920,907200,1311805440
342,"0 0 6 15 15 19 21 24 24 31",1920,453600,1363230720
343,"0 0 11 15 15 21 22 23 24 24",960,453600,1314693120
344,"0 0 4 15 15 23 23 24 24 27",960,226800,1390264320
345,"0 0 0 15 15 19 21 26 28 31",480,302400,1323048960
346,"0 0 7 13 14 21 22 24 27 27",480,907200,1248645120
347,"0 0 0 15 15 23 23 24 27 28",960,151200,1339637760
348,"0 0 0 15 15 16 23 27 29 30",160,302400,1437696000
349,"0 0 15 15 15 19 21 22 24 24",320,151200,1266278400
350,"0 0 0 15 15 23 23 24 24 31",320,75600,1585889280
351,"0 0 0 0 0 31 31 31 31 31",16,252,26011238400
352,"0 0 0 0 15 16 31 31 31 31",80,6300,5202247680
353,"0 0 0 15 15 16 16 31 31 31",80,25200,2601123840
354,"0 0 0 0 15 23 27 29 30 31",32,151200,1517322240
