qid,representative_words,coordinate_orbit_size,labelled_multiplicity,F5
0,"15 15 15 15 15 16 16 16 16 16",16,252,26011238400
1,"14 15 15 15 15 16 16 16 16 17",80,6300,5202247680
41,"14 14 15 15 15 16 16 16 17 17",80,25200,2601123840
14,"13 14 15 15 15 16 16 16 17 18",160,100800,3327713280
3,"12 15 15 15 15 16 16 16 17 18",320,25200,2694021120
56,"13 14 14 15 15 16 16 17 17 18",320,226800,2154332160
7,"12 14 15 15 15 16 16 17 17 18",640,151200,2010562560
6,"13 14 14 14 15 16 17 17 17 18",320,100800,2007244800
2,"13 14 14 14 14 17 17 17 17 18",160,6300,2601123840
85,"13 13 14 14 15 16 17 17 18 18",160,226800,2063646720
63,"12 13 14 15 15 16 17 17 18 18",320,453600,1826979840
19,"12 12 15 15 15 16 17 17 18 18",320,75600,1585889280
55,"13 13 14 14 14 17 17 17 18 18",160,25200,1864581120
18,"12 13 14 14 15 17 17 17 18 18",320,151200,1758412800
62,"12 13 14 15 15 16 16 17 18 19",160,907200,1821450240
64,"11 13 14 15 15 16 16 17 18 20",160,907200,2193039360
15,"11 12 15 15 15 16 16 17 18 20",960,302400,2097561600
5,"8 15 15 15 15 16 16 17 18 20",320,75600,1765048320
86,"11 13 14 14 15 16 17 17 18 20",480,907200,1732730880
67,"11 12 14 15 15 16 17 17 18 20",1920,907200,1643888640
58,"9 14 14 15 15 16 17 17 18 20",960,453600,1834598400
38,"10 12 15 15 15 16 17 17 18 20",960,302400,1538703360
13,"8 14 15 15 15 16 17 17 18 20",960,302400,1600634880
21,"11 13 14 14 14 17 17 17 18 20",480,100800,1821450240
22,"11 12 14 14 15 17 17 17 18 20",1920,302400,1672151040
11,"9 14 14 14 15 17 17 17 18 20",960,100800,1924300800
20,"8 14 14 15 15 17 17 17 18 20",960,151200,1720074240
187,"11 13 13 14 14 17 17 18 18 20",480,226800,1593753600
188,"11 12 13 14 15 17 17 18 18 20",960,907200,1497415680
96,"10 13 13 14 15 17 17 18 18 20",1920,453600,1574584320
118,"11 12 12 15 15 17 17 18 18 20",960,226800,1390264320
91,"10 12 13 15 15 17 17 18 18 20",1920,453600,1481687040
73,"8 13 14 15 15 17 17 18 18 20",960,453600,1458339840
42,"8 12 15 15 15 17 17 18 18 20",960,151200,1339637760
8,"11 12 15 15 15 16 16 16 19 20",480,100800,2154332160
9,"10 13 15 15 15 16 16 16 19 20",960,100800,2215157760
4,"8 15 15 15 15 16 16 16 19 20",480,25200,2105671680
65,"11 12 14 15 15 16 16 17 19 20",960,907200,1649786880
66,"10 13 14 15 15 16 16 17 19 20",960,907200,1688248320
59,"9 14 14 15 15 16 16 17 19 20",1920,453600,1768980480
12,"8 14 15 15 15 16 16 17 19 20",1920,302400,1749934080
281,"11 12 13 14 15 16 17 18 19 20",480,3628800,1496924160
97,"10 13 13 14 15 16 17 18 19 20",1920,1814400,1518182400
178,"11 12 12 15 15 16 17 18 19 20",960,907200,1470627840
90,"10 12 13 15 15 16 17 18 19 20",1920,1814400,1513881600
71,"8 13 14 15 15 16 17 18 19 20",960,1814400,1532928000
28,"8 12 15 15 15 16 17 18 19 20",960,604800,1490780160
87,"11 12 13 14 14 17 17 18 19 20",960,907200,1614151680
89,"10 13 13 14 14 17 17 18 19 20",1920,453600,1521008640
26,"9 13 14 14 14 17 17 18 19 20",1920,302400,1619435520
95,"11 12 12 14 15 17 17 18 19 20",1920,907200,1587118080
69,"9 12 14 14 15 17 17 18 19 20",1920,907200,1611202560
88,"8 13 14 14 15 17 17 18 19 20",960,907200,1571512320
98,"8 12 14 15 15 17 17 18 19 20",1920,907200,1536491520
93,"10 13 13 14 15 16 16 19 19 20",1920,453600,1437696000
117,"11 12 12 15 15 16 16 19 19 20",480,226800,1525432320
72,"8 13 14 15 15 16 16 19 19 20",960,453600,1586872320
27,"8 12 15 15 15 16 16 19 19 20",960,151200,1630126080
25,"9 13 14 14 14 16 17 19 19 20",1920,302400,1446543360
92,"11 12 12 14 15 16 17 19 19 20",960,907200,1643274240
70,"9 12 14 14 15 16 17 19 19 20",1920,907200,1530101760
94,"8 12 14 15 15 16 17 19 19 20",960,907200,1595228160
57,"11 12 12 14 14 17 17 19 19 20",240,226800,2077163520
10,"9 12 14 14 14 17 17 19 19 20",480,151200,1819607040
68,"11 12 12 13 14 17 18 19 19 20",480,907200,1732730880
24,"11 12 12 12 15 17 18 19 19 20",960,302400,1806336000
23,"11 12 12 12 15 16 19 19 19 20",240,100800,2063646720
244,"11 11 12 13 14 17 18 19 20 20",480,907200,1484144640
200,"10 11 13 13 14 17 18 19 20 20",960,907200,1431429120
162,"11 11 12 12 15 17 18 19 20 20",960,453600,1470996480
199,"10 11 12 13 15 17 18 19 20 20",1920,1814400,1435791360
163,"10 10 13 13 15 17 18 19 20 20",1920,453600,1362124800
201,"9 10 13 14 15 17 18 19 20 20",960,1814400,1384919040
269,"8 11 13 14 15 17 18 19 20 20",960,1814400,1396776960
198,"9 10 12 15 15 17 18 19 20 20",960,907200,1385472000
122,"8 11 12 15 15 17 18 19 20 20",960,907200,1404149760
123,"8 10 13 15 15 17 18 19 20 20",1920,907200,1343201280
45,"8 8 15 15 15 17 18 19 20 20",960,151200,1269964800
152,"10 11 12 13 15 16 19 19 20 20",1920,907200,1449799680
164,"10 10 13 13 15 16 19 19 20 20",960,226800,1329807360
183,"9 10 13 14 15 16 19 19 20 20",960,907200,1344368640
182,"8 11 13 14 15 16 19 19 20 20",960,907200,1388544000
158,"9 10 12 15 15 16 19 19 20 20",960,453600,1432412160
180,"8 11 12 15 15 16 19 19 20 20",480,453600,1472102400
124,"8 10 13 15 15 16 19 19 20 20",1920,453600,1364459520
43,"8 8 15 15 15 16 19 19 20 20",480,75600,1328578560
44,"9 10 12 13 14 19 19 19 20 20",960,302400,1350881280
39,"8 11 12 13 14 19 19 19 20 20",320,302400,1530593280
46,"9 10 12 12 15 19 19 19 20 20",320,151200,1447649280
297,"10 11 12 13 15 16 18 19 20 21",480,3628800,1473054720
317,"9 11 12 14 15 16 18 19 20 21",960,3628800,1420216320
284,"8 11 13 14 15 16 18 19 20 21",960,3628800,1409863680
197,"9 10 12 15 15 16 18 19 20 21",960,1814400,1451765760
121,"8 11 12 15 15 16 18 19 20 21",1920,1814400,1437634560
184,"8 9 14 15 15 16 18 19 20 21",960,1814400,1379758080
186,"10 11 12 13 13 18 18 19 20 21",240,907200,1593753600
119,"9 10 13 13 14 18 18 19 20 21",960,907200,1538580480
171,"8 11 13 13 14 18 18 19 20 21",960,907200,1477386240
120,"9 10 12 13 15 18 18 19 20 21",960,1814400,1498644480
195,"8 11 13 14 15 16 16 19 21 22",320,1814400,1414840320
196,"9 10 12 15 15 16 16 19 21 22",160,907200,1517322240
333,"9 10 12 14 15 16 17 19 21 22",160,3628800,1497415680
286,"7 11 13 14 15 16 17 18 20 24",80,3628800,1714452480
75,"7 11 12 15 15 16 17 18 20 24",960,1814400,1671413760
17,"7 8 15 15 15 16 17 18 20 24",640,604800,1633443840
31,"6 9 15 15 15 16 17 18 20 24",480,604800,1629941760
285,"0 15 15 15 15 16 17 18 20 24",32,151200,1517322240
202,"7 11 13 14 14 17 17 18 20 24",320,907200,1497415680
203,"7 11 12 14 15 17 17 18 20 24",1920,1814400,1441843200
104,"7 9 14 14 15 17 17 18 20 24",1920,907200,1513390080
129,"7 10 12 15 15 17 17 18 20 24",1920,907200,1361080320
81,"7 8 14 15 15 17 17 18 20 24",1920,907200,1417850880
114,"6 9 14 15 15 17 17 18 20 24",1920,907200,1464483840
60,"1 14 14 15 15 17 17 18 20 24",640,453600,1637498880
35,"6 8 15 15 15 17 17 18 20 24",1920,302400,1322864640
54,"0 14 15 15 15 17 17 18 20 24",160,302400,1437696000
74,"7 10 13 15 15 16 16 19 20 24",1920,907200,1688924160
82,"3 13 14 15 15 16 16 19 20 24",480,907200,1751285760
30,"6 9 15 15 15 16 16 19 20 24",1920,302400,1706065920
16,"2 13 15 15 15 16 16 19 20 24",960,302400,1786429440
287,"7 11 12 14 15 16 17 19 20 24",960,3628800,1478891520
288,"7 10 13 14 15 16 17 19 20 24",1920,3628800,1441658880
106,"7 9 14 14 15 16 17 19 20 24",3840,1814400,1482224640
105,"3 13 14 14 15 16 17 19 20 24",1920,1814400,1486080000
127,"7 10 12 15 15 16 17 19 20 24",3840,1814400,1445637120
128,"6 10 13 15 15 16 17 19 20 24",1920,1814400,1405009920
78,"7 8 14 15 15 16 17 19 20 24",1920,1814400,1488168960
103,"6 9 14 15 15 16 17 19 20 24",3840,1814400,1480412160
113,"3 12 14 15 15 16 17 19 20 24",1920,1814400,1516369920
80,"2 13 14 15 15 16 17 19 20 24",1920,1814400,1498644480
61,"1 14 14 15 15 16 17 19 20 24",480,907200,1672396800
36,"6 8 15 15 15 16 17 19 20 24",1920,604800,1428940800
34,"2 12 15 15 15 16 17 19 20 24",1920,604800,1474375680
125,"7 11 12 14 14 17 17 19 20 24",960,907200,1496924160
126,"7 10 13 14 14 17 17 19 20 24",1920,907200,1461411840
33,"7 9 14 14 14 17 17 19 20 24",1920,302400,1561559040
32,"3 13 14 14 14 17 17 19 20 24",1920,302400,1534464000
102,"7 8 14 14 15 17 17 19 20 24",3840,907200,1502423040
79,"6 9 14 14 15 17 17 19 20 24",1920,907200,1534832640
76,"3 12 14 14 15 17 17 19 20 24",1920,907200,1537290240
101,"2 13 14 14 15 17 17 19 20 24",1920,907200,1492684800
107,"6 8 14 15 15 17 17 19 20 24",3840,907200,1426298880
108,"2 12 14 15 15 17 17 19 20 24",1920,907200,1449799680
318,"7 11 12 13 14 17 18 19 20 24",480,3628800,1364121600
225,"7 10 13 13 14 17 18 19 20 24",3840,1814400,1362370560
194,"3 13 13 14 14 17 18 19 20 24",960,907200,1389649920
239,"7 11 12 12 15 17 18 19 20 24",960,1814400,1377945600
303,"7 10 12 13 15 17 18 19 20 24",3840,3628800,1348654080
166,"6 10 13 13 15 17 18 19 20 24",1920,1814400,1318471680
292,"7 8 13 14 15 17 18 19 20 24",1920,3628800,1353277440
300,"6 9 13 14 15 17 18 19 20 24",1920,3628800,1361111040
282,"3 12 13 14 15 17 18 19 20 24",960,3628800,1391493120
110,"2 13 13 14 15 17 18 19 20 24",1920,1814400,1422274560
154,"7 8 12 15 15 17 18 19 20 24",1920,1814400,1344952320
213,"6 9 12 15 15 17 18 19 20 24",1920,1814400,1328179200
193,"3 12 12 15 15 17 18 19 20 24",960,907200,1406115840
156,"6 8 13 15 15 17 18 19 20 24",3840,1814400,1314662400
112,"2 12 13 15 15 17 18 19 20 24",1920,1814400,1406791680
84,"0 13 14 15 15 17 18 19 20 24",320,1814400,1420185600
52,"4 8 15 15 15 17 18 19 20 24",960,604800,1261393920
40,"0 12 15 15 15 17 18 19 20 24",320,604800,1366917120
219,"7 10 13 13 14 16 19 19 20 24",3840,907200,1318225920
150,"3 13 13 14 14 16 19 19 20 24",960,453600,1314693120
245,"7 10 12 13 15 16 19 19 20 24",3840,1814400,1384673280
167,"6 10 13 13 15 16 19 19 20 24",1920,907200,1299824640
246,"7 8 13 14 15 16 19 19 20 24",1920,1814400,1378498560
247,"6 9 13 14 15 16 19 19 20 24",1920,1814400,1333969920
149,"3 12 13 14 15 16 19 19 20 24",960,1814400,1386147840
116,"2 13 13 14 15 16 19 19 20 24",1920,907200,1390387200
212,"6 9 12 15 15 16 19 19 20 24",1920,907200,1383905280
144,"6 8 13 15 15 16 19 19 20 24",3840,907200,1358592000
111,"2 12 13 15 15 16 19 19 20 24",1920,907200,1451458560
83,"0 13 14 15 15 16 19 19 20 24",320,907200,1517322240
141,"7 10 12 13 14 17 19 19 20 24",3840,1814400,1395010560
146,"7 9 12 14 14 17 19 19 20 24",960,907200,1426145280
142,"7 8 13 14 14 17 19 19 20 24",3840,907200,1388851200
137,"6 9 13 14 14 17 19 19 20 24",3840,907200,1350604800
77,"3 12 13 14 14 17 19 19 20 24",1920,907200,1481502720
131,"2 13 13 14 14 17 19 19 20 24",1920,453600,1363230720
48,"5 9 14 14 14 17 19 19 20 24",480,302400,1323048960
37,"1 13 14 14 14 17 19 19 20 24",1920,302400,1423134720
135,"7 10 12 12 15 17 19 19 20 24",3840,907200,1450813440
136,"7 8 12 14 15 17 19 19 20 24",3840,1814400,1439569920
165,"6 9 12 14 15 17 19 19 20 24",1920,1814400,1373214720
169,"6 8 13 14 15 17 19 19 20 24",3840,1814400,1321559040
130,"2 12 13 14 15 17 19 19 20 24",1920,1814400,1388236800
109,"0 13 14 14 15 17 19 19 20 24",640,907200,1405255680
168,"6 8 12 15 15 17 19 19 20 24",3840,907200,1351434240
147,"2 12 12 15 15 17 19 19 20 24",1920,453600,1435729920
170,"4 8 14 15 15 17 19 19 20 24",960,907200,1329930240
115,"0 12 14 15 15 17 19 19 20 24",640,907200,1431429120
50,"6 9 12 13 14 19 19 19 20 24",1920,604800,1347425280
51,"6 8 13 13 14 19 19 19 20 24",1920,302400,1262499840
47,"0 13 13 14 14 19 19 19 20 24",320,151200,1266278400
49,"6 9 12 12 15 19 19 19 20 24",384,302400,1449953280
53,"0 12 13 14 15 19 19 19 20 24",320,604800,1342033920
99,"6 11 11 13 15 16 19 20 20 24",1920,907200,1569177600
100,"6 9 11 15 15 16 19 20 20 24",1920,907200,1538826240
224,"7 11 11 12 14 17 19 20 20 24",960,907200,1473054720
216,"6 11 11 13 14 17 19 20 20 24",1920,907200,1447864320
222,"7 9 11 14 14 17 19 20 20 24",1920,907200,1395456000
189,"5 11 11 14 14 17 19 20 20 24",1920,453600,1462149120
220,"3 11 13 14 14 17 19 20 20 24",1920,907200,1425991680
206,"7 10 11 12 15 17 19 20 20 24",3840,1814400,1399449600
217,"6 10 11 13 15 17 19 20 20 24",3840,1814400,1362693120
223,"7 9 10 14 15 17 19 20 20 24",3840,1814400,1343016960
215,"7 8 11 14 15 17 19 20 20 24",1920,1814400,1386792960
221,"6 9 11 14 15 17 19 20 20 24",3840,1814400,1410309120
214,"5 10 11 14 15 17 19 20 20 24",1920,1814400,1400832000
205,"3 11 12 14 15 17 19 20 20 24",1920,1814400,1473592320
226,"3 10 13 14 15 17 19 20 20 24",3840,1814400,1344030720
218,"2 11 13 14 15 17 19 20 20 24",3840,1814400,1371448320
139,"7 8 10 15 15 17 19 20 20 24",3840,907200,1336473600
211,"6 9 10 15 15 17 19 20 20 24",3840,907200,1337640960
192,"5 10 10 15 15 17 19 20 20 24",1920,453600,1354506240
134,"6 8 11 15 15 17 19 20 20 24",1920,907200,1371248640
207,"3 10 12 15 15 17 19 20 20 24",1920,907200,1370265600
157,"2 10 13 15 15 17 19 20 20 24",3840,907200,1300469760
143,"2 9 14 15 15 17 19 20 20 24",3840,907200,1320314880
279,"7 10 10 13 13 19 19 20 20 24",480,226800,1297244160
264,"6 10 11 13 13 19 19 20 20 24",960,453600,1309040640
274,"7 9 10 13 14 19 19 20 20 24",960,907200,1288826880
242,"7 8 11 13 14 19 19 20 20 24",1920,907200,1331773440
250,"6 9 11 13 14 19 19 20 20 24",3840,907200,1327933440
176,"3 10 13 13 14 19 19 20 20 24",3840,453600,1283788800
237,"2 11 13 13 14 19 19 20 20 24",1920,453600,1344245760
267,"7 8 10 13 15 19 19 20 20 24",1920,907200,1306183680
270,"6 9 10 13 15 19 19 20 20 24",1920,907200,1273866240
252,"5 10 10 13 15 19 19 20 20 24",1920,453600,1298042880
179,"3 8 13 14 15 19 19 20 20 24",1920,907200,1284710400
273,"2 9 13 14 15 19 19 20 20 24",1920,907200,1298380800
228,"0 11 13 14 15 19 19 20 20 24",960,907200,1365442560
160,"4 9 10 15 15 19 19 20 20 24",1920,453600,1297735680
29,"6 11 11 11 13 19 20 20 20 24",480,100800,1822003200
190,"3 13 13 14 14 16 18 19 21 24",1920,907200,1382522880
301,"7 10 12 13 15 16 18 19 21 24",960,3628800,1408965120
307,"6 11 12 13 15 16 18 19 21 24",1920,3628800,1370856960
305,"7 9 12 14 15 16 18 19 21 24",1920,3628800,1372577280
304,"5 11 12 14 15 16 18 19 21 24",1920,3628800,1353285120
289,"7 8 13 14 15 16 18 19 21 24",3840,3628800,1405516800
299,"6 9 13 14 15 16 18 19 21 24",3840,3628800,1374236160
302,"5 10 13 14 15 16 18 19 21 24",1920,3628800,1416860160
291,"4 11 13 14 15 16 18 19 21 24",3840,3628800,1364382720
283,"3 12 13 14 15 16 18 19 21 24",1920,3628800,1400555520
210,"6 9 12 15 15 16 18 19 21 24",3840,1814400,1385134080
153,"4 11 12 15 15 16 18 19 21 24",3840,1814400,1374397440
191,"3 12 12 15 15 16 18 19 21 24",1920,907200,1428602880
133,"6 8 13 15 15 16 18 19 21 24",3840,1814400,1402337280
138,"5 8 14 15 15 16 18 19 21 24",3840,1814400,1371233280
155,"4 9 14 15 15 16 18 19 21 24",3840,1814400,1349114880
145,"6 11 12 13 13 18 18 19 21 24",480,907200,1530286080
148,"6 9 13 13 14 18 18 19 21 24",1920,907200,1507368960
132,"4 11 13 13 14 18 18 19 21 24",1920,907200,1441966080
140,"6 9 12 13 15 18 18 19 21 24",1920,1814400,1461012480
343,"7 10 11 12 13 18 19 20 21 24",240,3628800,1354828800
263,"6 11 11 12 13 18 19 20 21 24",960,1814400,1335859200
345,"7 9 11 12 14 18 19 20 21 24",960,3628800,1319447040
251,"5 11 11 12 14 18 19 20 21 24",3840,1814400,1343477760
344,"7 8 11 13 14 18 19 20 21 24",1920,3628800,1308180480
339,"6 9 11 13 14 18 19 20 21 24",1920,3628800,1301683200
312,"5 10 11 13 14 18 19 20 21 24",3840,3628800,1363330560
233,"4 11 11 13 14 18 19 20 21 24",3840,1814400,1359882240
259,"5 9 11 14 14 18 19 20 21 24",3840,1814400,1285294080
238,"1 11 13 14 14 18 19 20 21 24",1920,1814400,1308917760
331,"7 8 11 12 15 18 19 20 21 24",1920,3628800,1342210560
326,"6 9 11 12 15 18 19 20 21 24",1920,3628800,1302804480
325,"5 10 11 12 15 18 19 20 21 24",1920,3628800,1342080000
334,"7 8 9 14 15 18 19 20 21 24",960,3628800,1301867520
254,"6 9 9 14 15 18 19 20 21 24",1920,1814400,1289441280
329,"5 9 10 14 15 18 19 20 21 24",3840,3628800,1304386560
324,"5 8 11 14 15 18 19 20 21 24",3840,3628800,1295132160
314,"4 9 11 14 15 18 19 20 21 24",3840,3628800,1316451840
315,"1 11 12 14 15 18 19 20 21 24",1920,3628800,1328501760
296,"0 11 13 14 15 18 19 20 21 24",960,3628800,1330851840
177,"1 9 14 14 15 18 19 20 21 24",1920,1814400,1266370560
260,"5 8 10 15 15 18 19 20 21 24",3840,1814400,1320422400
236,"4 9 10 15 15 18 19 20 21 24",3840,1814400,1308119040
175,"4 8 11 15 15 18 19 20 21 24",1920,1814400,1314155520
159,"0 11 12 15 15 18 19 20 21 24",1920,1814400,1326397440
161,"0 9 14 15 15 18 19 20 21 24",960,1814400,1279887360
256,"6 8 11 13 14 19 19 20 21 24",1920,1814400,1287198720
261,"4 10 11 13 14 19 19 20 21 24",1920,1814400,1323279360
249,"2 10 13 13 14 19 19 20 21 24",1920,907200,1311805440
262,"2 9 13 14 14 19 19 20 21 24",1920,907200,1283604480
231,"0 11 13 14 14 19 19 20 21 24",1920,907200,1301422080
257,"6 9 10 12 15 19 19 20 21 24",1920,1814400,1293527040
258,"6 8 9 14 15 19 19 20 21 24",1920,1814400,1278259200
266,"4 9 10 14 15 19 19 20 21 24",3840,1814400,1288151040
255,"2 9 12 14 15 19 19 20 21 24",3840,1814400,1316981760
253,"0 11 12 14 15 19 19 20 21 24",1920,1814400,1366118400
248,"2 8 13 14 15 19 19 20 21 24",3840,1814400,1286292480
265,"0 10 13 14 15 19 19 20 21 24",1920,1814400,1303603200
174,"0 9 14 14 15 19 19 20 21 24",1920,907200,1263513600
340,"7 8 11 13 14 16 19 21 22 24",320,3628800,1288535040
323,"6 9 11 13 14 16 19 21 22 24",1920,3628800,1302190080
234,"4 11 11 13 14 16 19 21 22 24",1920,1814400,1293834240
346,"7 9 10 12 15 16 19 21 22 24",320,3628800,1337011200
316,"7 8 11 12 15 16 19 21 22 24",1920,3628800,1362370560
327,"6 9 11 12 15 16 19 21 22 24",1920,3628800,1320944640
313,"4 10 11 13 15 16 19 21 22 24",3840,3628800,1324247040
295,"0 11 13 14 15 16 19 21 22 24",320,3628800,1327564800
235,"4 9 10 15 15 16 19 21 22 24",1920,1814400,1338808320
173,"4 8 11 15 15 16 19 21 22 24",1920,1814400,1327503360
172,"0 11 12 15 15 16 19 21 22 24",960,1814400,1349468160
320,"4 10 11 13 14 17 19 21 22 24",1920,3628800,1307366400
268,"0 11 13 14 14 17 19 21 22 24",960,1814400,1334200320
332,"6 9 10 12 15 17 19 21 22 24",1920,3628800,1309962240
322,"4 10 11 12 15 17 19 21 22 24",3840,3628800,1307097600
310,"6 8 9 14 15 17 19 21 22 24",1920,3628800,1348024320
319,"4 9 10 14 15 17 19 21 22 24",1920,3628800,1325391360
321,"4 8 11 14 15 17 19 21 22 24",3840,3628800,1298073600
290,"1 10 12 14 15 17 19 21 22 24",960,3628800,1451243520
308,"0 11 12 14 15 17 19 21 22 24",1920,3628800,1329930240
151,"1 8 14 14 15 17 19 21 22 24",1920,1814400,1446420480
241,"0 10 12 15 15 17 19 21 22 24",960,1814400,1311037440
185,"0 8 14 15 15 17 19 21 22 24",960,1814400,1313648640
232,"4 8 11 12 15 19 19 21 22 24",1920,1814400,1377054720
208,"2 9 12 12 15 19 19 21 22 24",960,907200,1453762560
227,"0 11 12 12 15 19 19 21 22 24",480,907200,1440030720
209,"2 8 12 13 15 19 19 21 22 24",1920,1814400,1397038080
229,"0 10 12 13 15 19 19 21 22 24",1920,1814400,1344675840
230,"0 8 13 14 15 19 19 21 22 24",960,1814400,1305200640
204,"6 9 12 15 15 16 17 18 23 24",1920,1814400,1400924160
306,"7 8 12 14 15 16 17 19 23 24",192,3628800,1573378560
298,"4 11 12 14 15 16 17 19 23 24",960,3628800,1430085120
328,"6 9 11 12 15 17 18 20 23 24",1920,3628800,1284387840
240,"3 11 12 12 15 17 18 20 23 24",1920,1814400,1324339200
294,"0 11 13 14 15 17 18 20 23 24",320,3628800,1409402880
181,"0 11 12 15 15 17 18 20 23 24",480,1814400,1378897920
311,"4 10 11 13 15 16 19 20 23 24",960,3628800,1371402240
330,"3 10 12 13 15 16 19 20 23 24",1920,3628800,1335982080
293,"0 11 13 14 15 16 19 20 23 24",480,3628800,1450106880
309,"0 10 13 14 15 17 19 20 23 24",1920,3628800,1319208960
243,"0 9 10 15 15 19 20 20 23 24",480,907200,1336565760
280,"3 4 11 13 14 19 21 22 24 24",960,1814400,1244006400
275,"0 7 11 13 14 19 21 22 24 24",320,1814400,1266370560
277,"2 5 11 12 15 19 21 22 24 24",1920,1814400,1265832960
276,"0 6 11 13 15 19 21 22 24 24",1920,1814400,1257738240
278,"2 4 9 15 15 19 21 22 24 24",480,907200,1248645120
272,"1 6 10 13 15 19 20 23 24 24",1920,1814400,1260887040
352,"3 5 10 13 14 19 20 22 24 25",192,3628800,1244267520
351,"1 7 10 13 14 19 20 22 24 25",1920,3628800,1262791680
350,"0 7 11 13 14 19 20 22 24 25",1920,3628800,1272883200
349,"1 7 10 12 15 19 20 22 24 25",1920,3628800,1283197440
338,"3 4 10 13 15 19 20 22 24 25",1920,3628800,1253683200
337,"1 6 10 13 15 19 20 22 24 25",3840,3628800,1272936960
341,"1 2 13 14 15 19 20 22 24 25",1920,3628800,1264066560
353,"2 4 11 13 14 19 21 22 24 25",480,3628800,1245972480
342,"0 6 11 13 14 19 21 22 24 25",960,3628800,1274787840
347,"1 6 10 12 15 19 21 22 24 25",960,3628800,1302328320
336,"2 4 9 14 15 19 21 22 24 25",1920,3628800,1272453120
348,"3 6 9 12 15 16 21 22 25 26",480,3628800,1284464640
271,"0 3 12 15 15 16 21 22 25 26",480,1814400,1283358720
335,"0 3 12 14 15 17 21 22 25 26",480,3628800,1284556800
354,"3 5 6 8 15 16 23 25 26 28",16,3628800,1427650560
